id;unique_tag;trade_date;side;quantity;product_id;price;currency;execution_time;primary_account;versus_account;trader
1;Incredible innovative Buckinghamshire;2020-09-04;Facilitator disintermediate;30867;innovate Cambridgeshire calculate;84073;Ohio facilitate;2020-09-04T19:52:28;Borders Wisconsin;Industrial;payment Metal
2;Concrete;2020-09-04;Investment Account;43319;Advanced Rustic Frozen Sausages maximized;65287;even-keeled Director Licensed;2020-09-04T12:36:38;Mali;Yemeni Rial Personal Loan Account;Plastic
3;Group networks;2020-09-04;tan granular infomediaries;46299;Automotive salmon;16883;invoice Savings Account website;2020-09-04T08:15:52;Stand-alone Myanmar Adaptive;program Personal Loan Account Terrace;Chips
4;Avon New Caledonia;2020-09-04;Palau orchestration intranet;98028;Small;56809;eyeballs;2020-09-04T08:29:12;Data Car deposit;New Hampshire;SCSI
5;initiatives Shoal;2020-09-04;Berkshire Hat Cheese;41254;reboot Face to face Investment Account;65810;white azure;2020-09-04T08:19:44;virtual holistic;Total;Practical Soft Towels generate vertical
6;dedicated;2020-09-04;magnetic Pennsylvania;6077;maximize hierarchy haptic;14379;B2B;2020-09-04T05:06:46;6th generation ivory application;Buckinghamshire;Wyoming Manager
7;Handmade Plastic Gloves Small Frozen Car plug-and-play;2020-09-04;Outdoors Handcrafted applications;71069;overriding;64920;Quetzal Innovative;2020-09-04T17:16:04;withdrawal Fresh;Dong;SCSI Awesome Fresh Keyboard
8;navigate;2020-09-04;Unbranded Soft Chicken;42326;mobile Graphical User Interface;51333;synergy Regional;2020-09-04T10:54:37;throughput Fresh Frozen;engage;internet solution proactive Bedfordshire
9;morph Games Sleek Wooden Chair;2020-09-04;Horizontal Lebanese Pound Key;68278;Investment Account AI;36138;vertical Assimilated Practical Soft Chicken;2020-09-04T12:00:33;Home Loan Account Concrete;Loop;program Sleek
10;Hat;2020-09-04;card Health Borders;9680;silver utilisation cross-platform;99893;Auto Loan Account;2020-09-04T09:56:03;Intelligent Rubber Mouse;Manager;GB
